-- LEDGR seed data (generated by scripts/seed.py)
-- Demo login: vatsal.ghoghari@dal.ca / Ledgr@2026
-- Load order is foreign-key safe. Run after schema.sql.
BEGIN;

-- users (3 rows)
INSERT INTO "users" ("id", "email", "passwordHash", "name", "role", "avatarColor") VALUES ('user_vatsal', 'vatsal.ghoghari@dal.ca', '$2b$12$Ck11eoZK3uYHb5t.bXVOhuHgJBEwRiLz3oTemL/eDfkvmVrthNRMW', 'Vatsal Ghoghari', 'USER', '#7C3AED');
INSERT INTO "users" ("id", "email", "passwordHash", "name", "role", "avatarColor") VALUES ('user_marcus', 'marcus.bennett@ledgr.app', '$2b$12$Ck11eoZK3uYHb5t.bXVOhuHgJBEwRiLz3oTemL/eDfkvmVrthNRMW', 'Marcus Bennett', 'USER', '#0EA5E9');
INSERT INTO "users" ("id", "email", "passwordHash", "name", "role", "avatarColor") VALUES ('user_admin', 'admin@ledgr.app', '$2b$12$Ck11eoZK3uYHb5t.bXVOhuHgJBEwRiLz3oTemL/eDfkvmVrthNRMW', 'LEDGR Admin', 'ADMIN', '#111827');

-- categories (9 rows)
INSERT INTO "categories" ("id", "userId", "name", "color", "icon", "parentId", "isDefault") VALUES ('cat_groceries', 'user_vatsal', 'Groceries', '#22C55E', 'shopping-cart', NULL, TRUE);
INSERT INTO "categories" ("id", "userId", "name", "color", "icon", "parentId", "isDefault") VALUES ('cat_dining', 'user_vatsal', 'Dining out', '#F59E0B', 'utensils', NULL, TRUE);
INSERT INTO "categories" ("id", "userId", "name", "color", "icon", "parentId", "isDefault") VALUES ('cat_transit', 'user_vatsal', 'Transit', '#3B82F6', 'bus', NULL, TRUE);
INSERT INTO "categories" ("id", "userId", "name", "color", "icon", "parentId", "isDefault") VALUES ('cat_housing', 'user_vatsal', 'Housing', '#8B5CF6', 'home', NULL, TRUE);
INSERT INTO "categories" ("id", "userId", "name", "color", "icon", "parentId", "isDefault") VALUES ('cat_utilities', 'user_vatsal', 'Utilities', '#06B6D4', 'bolt', NULL, TRUE);
INSERT INTO "categories" ("id", "userId", "name", "color", "icon", "parentId", "isDefault") VALUES ('cat_shopping', 'user_vatsal', 'Shopping', '#EC4899', 'bag', NULL, TRUE);
INSERT INTO "categories" ("id", "userId", "name", "color", "icon", "parentId", "isDefault") VALUES ('cat_entertainment', 'user_vatsal', 'Entertainment', '#6366F1', 'film', NULL, TRUE);
INSERT INTO "categories" ("id", "userId", "name", "color", "icon", "parentId", "isDefault") VALUES ('cat_income', 'user_vatsal', 'Income', '#10B981', 'wallet', NULL, TRUE);
INSERT INTO "categories" ("id", "userId", "name", "color", "icon", "parentId", "isDefault") VALUES ('cat_coffee', 'user_vatsal', 'Coffee', '#A16207', 'coffee', 'cat_dining', FALSE);

-- budgets (5 rows)
INSERT INTO "budgets" ("id", "userId", "categoryId", "month", "targetAmount", "rolloverEnabled") VALUES ('bud_groceries', 'user_vatsal', 'cat_groceries', '2026-06', 400.00, TRUE);
INSERT INTO "budgets" ("id", "userId", "categoryId", "month", "targetAmount", "rolloverEnabled") VALUES ('bud_dining', 'user_vatsal', 'cat_dining', '2026-06', 200.00, TRUE);
INSERT INTO "budgets" ("id", "userId", "categoryId", "month", "targetAmount", "rolloverEnabled") VALUES ('bud_transit', 'user_vatsal', 'cat_transit', '2026-06', 120.00, FALSE);
INSERT INTO "budgets" ("id", "userId", "categoryId", "month", "targetAmount", "rolloverEnabled") VALUES ('bud_housing', 'user_vatsal', 'cat_housing', '2026-06', 700.00, FALSE);
INSERT INTO "budgets" ("id", "userId", "categoryId", "month", "targetAmount", "rolloverEnabled") VALUES ('bud_utilities', 'user_vatsal', 'cat_utilities', '2026-06', 150.00, TRUE);

-- receipts (1 rows)
INSERT INTO "receipts" ("id", "userId", "merchant", "date", "subtotal", "tax", "total", "imageUrl", "source", "status") VALUES ('rcp_sobeys', 'user_vatsal', 'Sobeys', '2026-06-09 12:00:00+00', 42.12, 2.52, 44.64, NULL, 'OCR', 'CONFIRMED');

-- receipt_line_items (6 rows)
INSERT INTO "receipt_line_items" ("id", "receiptId", "label", "amount", "quantity") VALUES ('rli_milk', 'rcp_sobeys', 'Milk 2L', 5.49, 1);
INSERT INTO "receipt_line_items" ("id", "receiptId", "label", "amount", "quantity") VALUES ('rli_eggs', 'rcp_sobeys', 'Eggs (dozen)', 4.29, 1);
INSERT INTO "receipt_line_items" ("id", "receiptId", "label", "amount", "quantity") VALUES ('rli_shampoo', 'rcp_sobeys', 'Shampoo', 8.99, 1);
INSERT INTO "receipt_line_items" ("id", "receiptId", "label", "amount", "quantity") VALUES ('rli_pasta', 'rcp_sobeys', 'Pasta x3', 6.57, 3);
INSERT INTO "receipt_line_items" ("id", "receiptId", "label", "amount", "quantity") VALUES ('rli_bars', 'rcp_sobeys', 'Rahul''s protein bars', 12.99, 1);
INSERT INTO "receipt_line_items" ("id", "receiptId", "label", "amount", "quantity") VALUES ('rli_soap', 'rcp_sobeys', 'Dish soap', 3.79, 1);

-- transactions (65 rows)
INSERT INTO "transactions" ("id", "userId", "type", "amount", "vendor", "categoryId", "date", "paymentMethod", "note", "isShared", "splitId", "receiptId") VALUES ('txn_0001', 'user_vatsal', 'INCOME', 1240.00, 'Payroll deposit', 'cat_income', '2026-01-01 12:00:00+00', 'DIRECT_DEPOSIT', 'Bi-weekly salary', FALSE, NULL, NULL);
INSERT INTO "transactions" ("id", "userId", "type", "amount", "vendor", "categoryId", "date", "paymentMethod", "note", "isShared", "splitId", "receiptId") VALUES ('txn_0002', 'user_vatsal', 'EXPENSE', 650.00, 'Apartment 4B Rent', 'cat_housing', '2026-01-01 12:00:00+00', 'E_TRANSFER', 'Shared rent', TRUE, NULL, NULL);
INSERT INTO "transactions" ("id", "userId", "type", "amount", "vendor", "categoryId", "date", "paymentMethod", "note", "isShared", "splitId", "receiptId") VALUES ('txn_0003', 'user_vatsal', 'EXPENSE', 75.40, 'Atlantic Superstore', 'cat_groceries', '2026-01-03 12:00:00+00', 'DEBIT_CARD', NULL, FALSE, NULL, NULL);
INSERT INTO "transactions" ("id", "userId", "type", "amount", "vendor", "categoryId", "date", "paymentMethod", "note", "isShared", "splitId", "receiptId") VALUES ('txn_0004', 'user_vatsal', 'EXPENSE', 88.10, 'Sobeys', 'cat_groceries', '2026-01-06 12:00:00+00', 'DEBIT_CARD', NULL, FALSE, NULL, NULL);
INSERT INTO "transactions" ("id", "userId", "type", "amount", "vendor", "categoryId", "date", "paymentMethod", "note", "isShared", "splitId", "receiptId") VALUES ('txn_0005', 'user_vatsal', 'EXPENSE', 36.50, 'Pete''s Frootique', 'cat_groceries', '2026-01-09 12:00:00+00', 'DEBIT_CARD', NULL, FALSE, NULL, NULL);
INSERT INTO "transactions" ("id", "userId", "type", "amount", "vendor", "categoryId", "date", "paymentMethod", "note", "isShared", "splitId", "receiptId") VALUES ('txn_0006', 'user_vatsal', 'EXPENSE', 41.20, 'The Bicycle Thief', 'cat_dining', '2026-01-12 12:00:00+00', 'CREDIT_CARD', NULL, FALSE, NULL, NULL);
INSERT INTO "transactions" ("id", "userId", "type", "amount", "vendor", "categoryId", "date", "paymentMethod", "note", "isShared", "splitId", "receiptId") VALUES ('txn_0007', 'user_vatsal', 'EXPENSE', 24.75, 'Cabin Coffee', 'cat_coffee', '2026-01-15 12:00:00+00', 'CREDIT_CARD', NULL, FALSE, NULL, NULL);
INSERT INTO "transactions" ("id", "userId", "type", "amount", "vendor", "categoryId", "date", "paymentMethod", "note", "isShared", "splitId", "receiptId") VALUES ('txn_0008', 'user_vatsal', 'EXPENSE', 78.00, 'Halifax Transit', 'cat_transit', '2026-01-18 12:00:00+00', 'CREDIT_CARD', NULL, FALSE, NULL, NULL);
INSERT INTO "transactions" ("id", "userId", "type", "amount", "vendor", "categoryId", "date", "paymentMethod", "note", "isShared", "splitId", "receiptId") VALUES ('txn_0009', 'user_vatsal', 'EXPENSE', 41.10, 'Nova Scotia Power', 'cat_utilities', '2026-01-21 12:00:00+00', 'PRE_AUTH', NULL, TRUE, NULL, NULL);
INSERT INTO "transactions" ("id", "userId", "type", "amount", "vendor", "categoryId", "date", "paymentMethod", "note", "isShared", "splitId", "receiptId") VALUES ('txn_0010', 'user_vatsal', 'EXPENSE', 78.90, 'Eastlink Internet', 'cat_utilities', '2026-01-24 12:00:00+00', 'PRE_AUTH', NULL, TRUE, NULL, NULL);
INSERT INTO "transactions" ("id", "userId", "type", "amount", "vendor", "categoryId", "date", "paymentMethod", "note", "isShared", "splitId", "receiptId") VALUES ('txn_0011', 'user_vatsal', 'INCOME', 1240.00, 'Payroll deposit', 'cat_income', '2026-02-01 12:00:00+00', 'DIRECT_DEPOSIT', 'Bi-weekly salary', FALSE, NULL, NULL);
INSERT INTO "transactions" ("id", "userId", "type", "amount", "vendor", "categoryId", "date", "paymentMethod", "note", "isShared", "splitId", "receiptId") VALUES ('txn_0012', 'user_vatsal', 'EXPENSE', 650.00, 'Apartment 4B Rent', 'cat_housing', '2026-02-01 12:00:00+00', 'E_TRANSFER', 'Shared rent', TRUE, NULL, NULL);
INSERT INTO "transactions" ("id", "userId", "type", "amount", "vendor", "categoryId", "date", "paymentMethod", "note", "isShared", "splitId", "receiptId") VALUES ('txn_0013', 'user_vatsal', 'EXPENSE', 75.40, 'Atlantic Superstore', 'cat_groceries', '2026-02-03 12:00:00+00', 'DEBIT_CARD', NULL, FALSE, NULL, NULL);
INSERT INTO "transactions" ("id", "userId", "type", "amount", "vendor", "categoryId", "date", "paymentMethod", "note", "isShared", "splitId", "receiptId") VALUES ('txn_0014', 'user_vatsal', 'EXPENSE', 88.10, 'Sobeys', 'cat_groceries', '2026-02-06 12:00:00+00', 'DEBIT_CARD', NULL, FALSE, NULL, NULL);
INSERT INTO "transactions" ("id", "userId", "type", "amount", "vendor", "categoryId", "date", "paymentMethod", "note", "isShared", "splitId", "receiptId") VALUES ('txn_0015', 'user_vatsal', 'EXPENSE', 36.50, 'Pete''s Frootique', 'cat_groceries', '2026-02-09 12:00:00+00', 'DEBIT_CARD', NULL, FALSE, NULL, NULL);
INSERT INTO "transactions" ("id", "userId", "type", "amount", "vendor", "categoryId", "date", "paymentMethod", "note", "isShared", "splitId", "receiptId") VALUES ('txn_0016', 'user_vatsal', 'EXPENSE', 41.20, 'The Bicycle Thief', 'cat_dining', '2026-02-12 12:00:00+00', 'CREDIT_CARD', NULL, FALSE, NULL, NULL);
INSERT INTO "transactions" ("id", "userId", "type", "amount", "vendor", "categoryId", "date", "paymentMethod", "note", "isShared", "splitId", "receiptId") VALUES ('txn_0017', 'user_vatsal', 'EXPENSE', 24.75, 'Cabin Coffee', 'cat_coffee', '2026-02-15 12:00:00+00', 'CREDIT_CARD', NULL, FALSE, NULL, NULL);
INSERT INTO "transactions" ("id", "userId", "type", "amount", "vendor", "categoryId", "date", "paymentMethod", "note", "isShared", "splitId", "receiptId") VALUES ('txn_0018', 'user_vatsal', 'EXPENSE', 78.00, 'Halifax Transit', 'cat_transit', '2026-02-18 12:00:00+00', 'CREDIT_CARD', NULL, FALSE, NULL, NULL);
INSERT INTO "transactions" ("id", "userId", "type", "amount", "vendor", "categoryId", "date", "paymentMethod", "note", "isShared", "splitId", "receiptId") VALUES ('txn_0019', 'user_vatsal', 'EXPENSE', 41.10, 'Nova Scotia Power', 'cat_utilities', '2026-02-21 12:00:00+00', 'PRE_AUTH', NULL, TRUE, NULL, NULL);
INSERT INTO "transactions" ("id", "userId", "type", "amount", "vendor", "categoryId", "date", "paymentMethod", "note", "isShared", "splitId", "receiptId") VALUES ('txn_0020', 'user_vatsal', 'EXPENSE', 78.90, 'Eastlink Internet', 'cat_utilities', '2026-02-24 12:00:00+00', 'PRE_AUTH', NULL, TRUE, NULL, NULL);
INSERT INTO "transactions" ("id", "userId", "type", "amount", "vendor", "categoryId", "date", "paymentMethod", "note", "isShared", "splitId", "receiptId") VALUES ('txn_0021', 'user_vatsal', 'INCOME', 1240.00, 'Payroll deposit', 'cat_income', '2026-03-01 12:00:00+00', 'DIRECT_DEPOSIT', 'Bi-weekly salary', FALSE, NULL, NULL);
INSERT INTO "transactions" ("id", "userId", "type", "amount", "vendor", "categoryId", "date", "paymentMethod", "note", "isShared", "splitId", "receiptId") VALUES ('txn_0022', 'user_vatsal', 'EXPENSE', 650.00, 'Apartment 4B Rent', 'cat_housing', '2026-03-01 12:00:00+00', 'E_TRANSFER', 'Shared rent', TRUE, NULL, NULL);
INSERT INTO "transactions" ("id", "userId", "type", "amount", "vendor", "categoryId", "date", "paymentMethod", "note", "isShared", "splitId", "receiptId") VALUES ('txn_0023', 'user_vatsal', 'EXPENSE', 75.40, 'Atlantic Superstore', 'cat_groceries', '2026-03-03 12:00:00+00', 'DEBIT_CARD', NULL, FALSE, NULL, NULL);
INSERT INTO "transactions" ("id", "userId", "type", "amount", "vendor", "categoryId", "date", "paymentMethod", "note", "isShared", "splitId", "receiptId") VALUES ('txn_0024', 'user_vatsal', 'EXPENSE', 88.10, 'Sobeys', 'cat_groceries', '2026-03-06 12:00:00+00', 'DEBIT_CARD', NULL, FALSE, NULL, NULL);
INSERT INTO "transactions" ("id", "userId", "type", "amount", "vendor", "categoryId", "date", "paymentMethod", "note", "isShared", "splitId", "receiptId") VALUES ('txn_0025', 'user_vatsal', 'EXPENSE', 36.50, 'Pete''s Frootique', 'cat_groceries', '2026-03-09 12:00:00+00', 'DEBIT_CARD', NULL, FALSE, NULL, NULL);
INSERT INTO "transactions" ("id", "userId", "type", "amount", "vendor", "categoryId", "date", "paymentMethod", "note", "isShared", "splitId", "receiptId") VALUES ('txn_0026', 'user_vatsal', 'EXPENSE', 41.20, 'The Bicycle Thief', 'cat_dining', '2026-03-12 12:00:00+00', 'CREDIT_CARD', NULL, FALSE, NULL, NULL);
INSERT INTO "transactions" ("id", "userId", "type", "amount", "vendor", "categoryId", "date", "paymentMethod", "note", "isShared", "splitId", "receiptId") VALUES ('txn_0027', 'user_vatsal', 'EXPENSE', 24.75, 'Cabin Coffee', 'cat_coffee', '2026-03-15 12:00:00+00', 'CREDIT_CARD', NULL, FALSE, NULL, NULL);
INSERT INTO "transactions" ("id", "userId", "type", "amount", "vendor", "categoryId", "date", "paymentMethod", "note", "isShared", "splitId", "receiptId") VALUES ('txn_0028', 'user_vatsal', 'EXPENSE', 78.00, 'Halifax Transit', 'cat_transit', '2026-03-18 12:00:00+00', 'CREDIT_CARD', NULL, FALSE, NULL, NULL);
INSERT INTO "transactions" ("id", "userId", "type", "amount", "vendor", "categoryId", "date", "paymentMethod", "note", "isShared", "splitId", "receiptId") VALUES ('txn_0029', 'user_vatsal', 'EXPENSE', 41.10, 'Nova Scotia Power', 'cat_utilities', '2026-03-21 12:00:00+00', 'PRE_AUTH', NULL, TRUE, NULL, NULL);
INSERT INTO "transactions" ("id", "userId", "type", "amount", "vendor", "categoryId", "date", "paymentMethod", "note", "isShared", "splitId", "receiptId") VALUES ('txn_0030', 'user_vatsal', 'EXPENSE', 78.90, 'Eastlink Internet', 'cat_utilities', '2026-03-24 12:00:00+00', 'PRE_AUTH', NULL, TRUE, NULL, NULL);
INSERT INTO "transactions" ("id", "userId", "type", "amount", "vendor", "categoryId", "date", "paymentMethod", "note", "isShared", "splitId", "receiptId") VALUES ('txn_0031', 'user_vatsal', 'INCOME', 1240.00, 'Payroll deposit', 'cat_income', '2026-04-01 12:00:00+00', 'DIRECT_DEPOSIT', 'Bi-weekly salary', FALSE, NULL, NULL);
INSERT INTO "transactions" ("id", "userId", "type", "amount", "vendor", "categoryId", "date", "paymentMethod", "note", "isShared", "splitId", "receiptId") VALUES ('txn_0032', 'user_vatsal', 'EXPENSE', 650.00, 'Apartment 4B Rent', 'cat_housing', '2026-04-01 12:00:00+00', 'E_TRANSFER', 'Shared rent', TRUE, NULL, NULL);
INSERT INTO "transactions" ("id", "userId", "type", "amount", "vendor", "categoryId", "date", "paymentMethod", "note", "isShared", "splitId", "receiptId") VALUES ('txn_0033', 'user_vatsal', 'EXPENSE', 75.40, 'Atlantic Superstore', 'cat_groceries', '2026-04-03 12:00:00+00', 'DEBIT_CARD', NULL, FALSE, NULL, NULL);
INSERT INTO "transactions" ("id", "userId", "type", "amount", "vendor", "categoryId", "date", "paymentMethod", "note", "isShared", "splitId", "receiptId") VALUES ('txn_0034', 'user_vatsal', 'EXPENSE', 88.10, 'Sobeys', 'cat_groceries', '2026-04-06 12:00:00+00', 'DEBIT_CARD', NULL, FALSE, NULL, NULL);
INSERT INTO "transactions" ("id", "userId", "type", "amount", "vendor", "categoryId", "date", "paymentMethod", "note", "isShared", "splitId", "receiptId") VALUES ('txn_0035', 'user_vatsal', 'EXPENSE', 36.50, 'Pete''s Frootique', 'cat_groceries', '2026-04-09 12:00:00+00', 'DEBIT_CARD', NULL, FALSE, NULL, NULL);
INSERT INTO "transactions" ("id", "userId", "type", "amount", "vendor", "categoryId", "date", "paymentMethod", "note", "isShared", "splitId", "receiptId") VALUES ('txn_0036', 'user_vatsal', 'EXPENSE', 41.20, 'The Bicycle Thief', 'cat_dining', '2026-04-12 12:00:00+00', 'CREDIT_CARD', NULL, FALSE, NULL, NULL);
INSERT INTO "transactions" ("id", "userId", "type", "amount", "vendor", "categoryId", "date", "paymentMethod", "note", "isShared", "splitId", "receiptId") VALUES ('txn_0037', 'user_vatsal', 'EXPENSE', 24.75, 'Cabin Coffee', 'cat_coffee', '2026-04-15 12:00:00+00', 'CREDIT_CARD', NULL, FALSE, NULL, NULL);
INSERT INTO "transactions" ("id", "userId", "type", "amount", "vendor", "categoryId", "date", "paymentMethod", "note", "isShared", "splitId", "receiptId") VALUES ('txn_0038', 'user_vatsal', 'EXPENSE', 78.00, 'Halifax Transit', 'cat_transit', '2026-04-18 12:00:00+00', 'CREDIT_CARD', NULL, FALSE, NULL, NULL);
INSERT INTO "transactions" ("id", "userId", "type", "amount", "vendor", "categoryId", "date", "paymentMethod", "note", "isShared", "splitId", "receiptId") VALUES ('txn_0039', 'user_vatsal', 'EXPENSE', 41.10, 'Nova Scotia Power', 'cat_utilities', '2026-04-21 12:00:00+00', 'PRE_AUTH', NULL, TRUE, NULL, NULL);
INSERT INTO "transactions" ("id", "userId", "type", "amount", "vendor", "categoryId", "date", "paymentMethod", "note", "isShared", "splitId", "receiptId") VALUES ('txn_0040', 'user_vatsal', 'EXPENSE', 78.90, 'Eastlink Internet', 'cat_utilities', '2026-04-24 12:00:00+00', 'PRE_AUTH', NULL, TRUE, NULL, NULL);
INSERT INTO "transactions" ("id", "userId", "type", "amount", "vendor", "categoryId", "date", "paymentMethod", "note", "isShared", "splitId", "receiptId") VALUES ('txn_0041', 'user_vatsal', 'INCOME', 1240.00, 'Payroll deposit', 'cat_income', '2026-05-01 12:00:00+00', 'DIRECT_DEPOSIT', 'Bi-weekly salary', FALSE, NULL, NULL);
INSERT INTO "transactions" ("id", "userId", "type", "amount", "vendor", "categoryId", "date", "paymentMethod", "note", "isShared", "splitId", "receiptId") VALUES ('txn_0042', 'user_vatsal', 'EXPENSE', 650.00, 'Apartment 4B Rent', 'cat_housing', '2026-05-01 12:00:00+00', 'E_TRANSFER', 'Shared rent', TRUE, NULL, NULL);
INSERT INTO "transactions" ("id", "userId", "type", "amount", "vendor", "categoryId", "date", "paymentMethod", "note", "isShared", "splitId", "receiptId") VALUES ('txn_0043', 'user_vatsal', 'EXPENSE', 75.40, 'Atlantic Superstore', 'cat_groceries', '2026-05-03 12:00:00+00', 'DEBIT_CARD', NULL, FALSE, NULL, NULL);
INSERT INTO "transactions" ("id", "userId", "type", "amount", "vendor", "categoryId", "date", "paymentMethod", "note", "isShared", "splitId", "receiptId") VALUES ('txn_0044', 'user_vatsal', 'EXPENSE', 88.10, 'Sobeys', 'cat_groceries', '2026-05-06 12:00:00+00', 'DEBIT_CARD', NULL, FALSE, NULL, NULL);
INSERT INTO "transactions" ("id", "userId", "type", "amount", "vendor", "categoryId", "date", "paymentMethod", "note", "isShared", "splitId", "receiptId") VALUES ('txn_0045', 'user_vatsal', 'EXPENSE', 36.50, 'Pete''s Frootique', 'cat_groceries', '2026-05-09 12:00:00+00', 'DEBIT_CARD', NULL, FALSE, NULL, NULL);
INSERT INTO "transactions" ("id", "userId", "type", "amount", "vendor", "categoryId", "date", "paymentMethod", "note", "isShared", "splitId", "receiptId") VALUES ('txn_0046', 'user_vatsal', 'EXPENSE', 41.20, 'The Bicycle Thief', 'cat_dining', '2026-05-12 12:00:00+00', 'CREDIT_CARD', NULL, FALSE, NULL, NULL);
INSERT INTO "transactions" ("id", "userId", "type", "amount", "vendor", "categoryId", "date", "paymentMethod", "note", "isShared", "splitId", "receiptId") VALUES ('txn_0047', 'user_vatsal', 'EXPENSE', 24.75, 'Cabin Coffee', 'cat_coffee', '2026-05-15 12:00:00+00', 'CREDIT_CARD', NULL, FALSE, NULL, NULL);
INSERT INTO "transactions" ("id", "userId", "type", "amount", "vendor", "categoryId", "date", "paymentMethod", "note", "isShared", "splitId", "receiptId") VALUES ('txn_0048', 'user_vatsal', 'EXPENSE', 78.00, 'Halifax Transit', 'cat_transit', '2026-05-18 12:00:00+00', 'CREDIT_CARD', NULL, FALSE, NULL, NULL);
INSERT INTO "transactions" ("id", "userId", "type", "amount", "vendor", "categoryId", "date", "paymentMethod", "note", "isShared", "splitId", "receiptId") VALUES ('txn_0049', 'user_vatsal', 'EXPENSE', 41.10, 'Nova Scotia Power', 'cat_utilities', '2026-05-21 12:00:00+00', 'PRE_AUTH', NULL, TRUE, NULL, NULL);
INSERT INTO "transactions" ("id", "userId", "type", "amount", "vendor", "categoryId", "date", "paymentMethod", "note", "isShared", "splitId", "receiptId") VALUES ('txn_0050', 'user_vatsal', 'EXPENSE', 78.90, 'Eastlink Internet', 'cat_utilities', '2026-05-24 12:00:00+00', 'PRE_AUTH', NULL, TRUE, NULL, NULL);
INSERT INTO "transactions" ("id", "userId", "type", "amount", "vendor", "categoryId", "date", "paymentMethod", "note", "isShared", "splitId", "receiptId") VALUES ('txn_0051', 'user_vatsal', 'INCOME', 1240.00, 'Payroll deposit', 'cat_income', '2026-06-01 12:00:00+00', 'DIRECT_DEPOSIT', 'Bi-weekly salary', FALSE, NULL, NULL);
INSERT INTO "transactions" ("id", "userId", "type", "amount", "vendor", "categoryId", "date", "paymentMethod", "note", "isShared", "splitId", "receiptId") VALUES ('txn_0052', 'user_vatsal', 'EXPENSE', 650.00, 'Apartment 4B Rent', 'cat_housing', '2026-06-01 12:00:00+00', 'E_TRANSFER', 'June rent — Apartment 4B', TRUE, NULL, NULL);
INSERT INTO "transactions" ("id", "userId", "type", "amount", "vendor", "categoryId", "date", "paymentMethod", "note", "isShared", "splitId", "receiptId") VALUES ('txn_0053', 'user_vatsal', 'EXPENSE', 84.20, 'Sobeys', 'cat_groceries', '2026-06-09 12:00:00+00', 'DEBIT_CARD', NULL, FALSE, NULL, NULL);
INSERT INTO "transactions" ("id", "userId", "type", "amount", "vendor", "categoryId", "date", "paymentMethod", "note", "isShared", "splitId", "receiptId") VALUES ('txn_0054', 'user_vatsal', 'EXPENSE', 92.30, 'Atlantic Superstore', 'cat_groceries', '2026-06-14 12:00:00+00', 'DEBIT_CARD', NULL, FALSE, NULL, NULL);
INSERT INTO "transactions" ("id", "userId", "type", "amount", "vendor", "categoryId", "date", "paymentMethod", "note", "isShared", "splitId", "receiptId") VALUES ('txn_0055', 'user_vatsal', 'EXPENSE', 75.40, 'Sobeys', 'cat_groceries', '2026-06-21 12:00:00+00', 'DEBIT_CARD', NULL, FALSE, NULL, NULL);
INSERT INTO "transactions" ("id", "userId", "type", "amount", "vendor", "categoryId", "date", "paymentMethod", "note", "isShared", "splitId", "receiptId") VALUES ('txn_0056', 'user_vatsal', 'EXPENSE', 64.10, 'Pete''s Frootique', 'cat_groceries', '2026-06-27 12:00:00+00', 'DEBIT_CARD', NULL, FALSE, NULL, NULL);
INSERT INTO "transactions" ("id", "userId", "type", "amount", "vendor", "categoryId", "date", "paymentMethod", "note", "isShared", "splitId", "receiptId") VALUES ('txn_0057', 'user_vatsal', 'EXPENSE', 52.40, 'The Bicycle Thief', 'cat_dining', '2026-06-06 12:00:00+00', 'CREDIT_CARD', NULL, FALSE, NULL, NULL);
INSERT INTO "transactions" ("id", "userId", "type", "amount", "vendor", "categoryId", "date", "paymentMethod", "note", "isShared", "splitId", "receiptId") VALUES ('txn_0058', 'user_vatsal', 'EXPENSE', 38.60, 'Darrell''s', 'cat_dining', '2026-06-12 12:00:00+00', 'CREDIT_CARD', NULL, FALSE, NULL, NULL);
INSERT INTO "transactions" ("id", "userId", "type", "amount", "vendor", "categoryId", "date", "paymentMethod", "note", "isShared", "splitId", "receiptId") VALUES ('txn_0059', 'user_vatsal', 'EXPENSE', 59.00, 'Doraku Sushi', 'cat_dining', '2026-06-18 12:00:00+00', 'CREDIT_CARD', NULL, FALSE, NULL, NULL);
INSERT INTO "transactions" ("id", "userId", "type", "amount", "vendor", "categoryId", "date", "paymentMethod", "note", "isShared", "splitId", "receiptId") VALUES ('txn_0060', 'user_vatsal', 'EXPENSE', 64.00, 'Salty''s', 'cat_dining', '2026-06-24 12:00:00+00', 'CREDIT_CARD', NULL, FALSE, NULL, NULL);
INSERT INTO "transactions" ("id", "userId", "type", "amount", "vendor", "categoryId", "date", "paymentMethod", "note", "isShared", "splitId", "receiptId") VALUES ('txn_0061', 'user_vatsal', 'EXPENSE', 78.00, 'Halifax Transit', 'cat_transit', '2026-06-05 12:00:00+00', 'CREDIT_CARD', 'Monthly transit pass', FALSE, NULL, NULL);
INSERT INTO "transactions" ("id", "userId", "type", "amount", "vendor", "categoryId", "date", "paymentMethod", "note", "isShared", "splitId", "receiptId") VALUES ('txn_0062', 'user_vatsal', 'EXPENSE', 41.10, 'Nova Scotia Power', 'cat_utilities', '2026-06-02 12:00:00+00', 'PRE_AUTH', NULL, TRUE, NULL, NULL);
INSERT INTO "transactions" ("id", "userId", "type", "amount", "vendor", "categoryId", "date", "paymentMethod", "note", "isShared", "splitId", "receiptId") VALUES ('txn_0063', 'user_vatsal', 'EXPENSE', 78.90, 'Eastlink Internet', 'cat_utilities', '2026-06-02 12:00:00+00', 'PRE_AUTH', NULL, TRUE, NULL, NULL);
INSERT INTO "transactions" ("id", "userId", "type", "amount", "vendor", "categoryId", "date", "paymentMethod", "note", "isShared", "splitId", "receiptId") VALUES ('txn_0064', 'user_vatsal', 'EXPENSE', 129.99, 'Amazon', 'cat_shopping', '2026-06-15 12:00:00+00', 'CREDIT_CARD', NULL, FALSE, NULL, NULL);
INSERT INTO "transactions" ("id", "userId", "type", "amount", "vendor", "categoryId", "date", "paymentMethod", "note", "isShared", "splitId", "receiptId") VALUES ('txn_0065', 'user_vatsal', 'EXPENSE', 16.99, 'Netflix', 'cat_entertainment', '2026-06-20 12:00:00+00', 'CREDIT_CARD', NULL, FALSE, NULL, NULL);

-- groups (2 rows)
INSERT INTO "groups" ("id", "name", "ownerId", "status") VALUES ('grp_apt4b', 'Apartment 4B', 'user_vatsal', 'ACTIVE');
INSERT INTO "groups" ("id", "name", "ownerId", "status") VALUES ('grp_cabin', 'Cabin Trip 2026', 'user_vatsal', 'ACTIVE');

-- group_members (7 rows)
INSERT INTO "group_members" ("id", "groupId", "userId", "displayName", "avatarColor", "role") VALUES ('gm_apt_vatsal', 'grp_apt4b', 'user_vatsal', 'Vatsal', '#7C3AED', 'OWNER');
INSERT INTO "group_members" ("id", "groupId", "userId", "displayName", "avatarColor", "role") VALUES ('gm_apt_rahul', 'grp_apt4b', NULL, 'Rahul', '#06B6D4', 'MEMBER');
INSERT INTO "group_members" ("id", "groupId", "userId", "displayName", "avatarColor", "role") VALUES ('gm_apt_anik', 'grp_apt4b', NULL, 'Anik', '#F59E0B', 'MEMBER');
INSERT INTO "group_members" ("id", "groupId", "userId", "displayName", "avatarColor", "role") VALUES ('gm_cab_vatsal', 'grp_cabin', 'user_vatsal', 'Vatsal', '#7C3AED', 'OWNER');
INSERT INTO "group_members" ("id", "groupId", "userId", "displayName", "avatarColor", "role") VALUES ('gm_cab_jordan', 'grp_cabin', NULL, 'Jordan', '#06B6D4', 'MEMBER');
INSERT INTO "group_members" ("id", "groupId", "userId", "displayName", "avatarColor", "role") VALUES ('gm_cab_sam', 'grp_cabin', NULL, 'Sam', '#F59E0B', 'MEMBER');
INSERT INTO "group_members" ("id", "groupId", "userId", "displayName", "avatarColor", "role") VALUES ('gm_cab_dana', 'grp_cabin', NULL, 'Dana', '#EC4899', 'MEMBER');

-- splits (1 rows)
INSERT INTO "splits" ("id", "groupId", "receiptId", "createdById", "title", "mode", "subtotal", "tax", "total", "taxAllocation", "date") VALUES ('spl_sobeys', 'grp_apt4b', 'rcp_sobeys', 'user_vatsal', 'Sobeys (grocery run)', 'ITEMISED', 42.12, 2.52, 44.64, 'PROPORTIONAL', '2026-06-09 12:00:00+00');

-- split_items (6 rows)
INSERT INTO "split_items" ("id", "splitId", "label", "amount", "quantity") VALUES ('si_milk', 'spl_sobeys', 'Milk 2L', 5.49, 1);
INSERT INTO "split_items" ("id", "splitId", "label", "amount", "quantity") VALUES ('si_eggs', 'spl_sobeys', 'Eggs (dozen)', 4.29, 1);
INSERT INTO "split_items" ("id", "splitId", "label", "amount", "quantity") VALUES ('si_shampoo', 'spl_sobeys', 'Shampoo', 8.99, 1);
INSERT INTO "split_items" ("id", "splitId", "label", "amount", "quantity") VALUES ('si_pasta', 'spl_sobeys', 'Pasta x3', 6.57, 3);
INSERT INTO "split_items" ("id", "splitId", "label", "amount", "quantity") VALUES ('si_bars', 'spl_sobeys', 'Rahul''s protein bars', 12.99, 1);
INSERT INTO "split_items" ("id", "splitId", "label", "amount", "quantity") VALUES ('si_soap', 'spl_sobeys', 'Dish soap', 3.79, 1);

-- split_item_shares (14 rows)
INSERT INTO "split_item_shares" ("id", "splitItemId", "memberId", "weight") VALUES ('sis_si_milk_vatsal', 'si_milk', 'gm_apt_vatsal', 1.0);
INSERT INTO "split_item_shares" ("id", "splitItemId", "memberId", "weight") VALUES ('sis_si_milk_rahul', 'si_milk', 'gm_apt_rahul', 1.0);
INSERT INTO "split_item_shares" ("id", "splitItemId", "memberId", "weight") VALUES ('sis_si_milk_anik', 'si_milk', 'gm_apt_anik', 1.0);
INSERT INTO "split_item_shares" ("id", "splitItemId", "memberId", "weight") VALUES ('sis_si_eggs_vatsal', 'si_eggs', 'gm_apt_vatsal', 1.0);
INSERT INTO "split_item_shares" ("id", "splitItemId", "memberId", "weight") VALUES ('sis_si_eggs_rahul', 'si_eggs', 'gm_apt_rahul', 1.0);
INSERT INTO "split_item_shares" ("id", "splitItemId", "memberId", "weight") VALUES ('sis_si_eggs_anik', 'si_eggs', 'gm_apt_anik', 1.0);
INSERT INTO "split_item_shares" ("id", "splitItemId", "memberId", "weight") VALUES ('sis_si_pasta_vatsal', 'si_pasta', 'gm_apt_vatsal', 1.0);
INSERT INTO "split_item_shares" ("id", "splitItemId", "memberId", "weight") VALUES ('sis_si_pasta_rahul', 'si_pasta', 'gm_apt_rahul', 1.0);
INSERT INTO "split_item_shares" ("id", "splitItemId", "memberId", "weight") VALUES ('sis_si_pasta_anik', 'si_pasta', 'gm_apt_anik', 1.0);
INSERT INTO "split_item_shares" ("id", "splitItemId", "memberId", "weight") VALUES ('sis_si_soap_vatsal', 'si_soap', 'gm_apt_vatsal', 1.0);
INSERT INTO "split_item_shares" ("id", "splitItemId", "memberId", "weight") VALUES ('sis_si_soap_rahul', 'si_soap', 'gm_apt_rahul', 1.0);
INSERT INTO "split_item_shares" ("id", "splitItemId", "memberId", "weight") VALUES ('sis_si_soap_anik', 'si_soap', 'gm_apt_anik', 1.0);
INSERT INTO "split_item_shares" ("id", "splitItemId", "memberId", "weight") VALUES ('sis_si_shampoo_vatsal', 'si_shampoo', 'gm_apt_vatsal', 1.0);
INSERT INTO "split_item_shares" ("id", "splitItemId", "memberId", "weight") VALUES ('sis_si_bars_rahul', 'si_bars', 'gm_apt_rahul', 1.0);

-- split_participant_shares (3 rows)
INSERT INTO "split_participant_shares" ("id", "splitId", "memberId", "amount") VALUES ('sps_vatsal', 'spl_sobeys', 'gm_apt_vatsal', 10.55);
INSERT INTO "split_participant_shares" ("id", "splitId", "memberId", "amount") VALUES ('sps_rahul', 'spl_sobeys', 'gm_apt_rahul', 23.54);
INSERT INTO "split_participant_shares" ("id", "splitId", "memberId", "amount") VALUES ('sps_anik', 'spl_sobeys', 'gm_apt_anik', 10.55);

-- settlements (3 rows)
INSERT INTO "settlements" ("id", "groupId", "fromMemberId", "toMemberId", "amount", "status", "settledAt") VALUES ('set_jordan', 'grp_cabin', 'gm_cab_jordan', 'gm_cab_vatsal', 182.50, 'PENDING', NULL);
INSERT INTO "settlements" ("id", "groupId", "fromMemberId", "toMemberId", "amount", "status", "settledAt") VALUES ('set_sam', 'grp_cabin', 'gm_cab_sam', 'gm_cab_vatsal', 96.00, 'PENDING', NULL);
INSERT INTO "settlements" ("id", "groupId", "fromMemberId", "toMemberId", "amount", "status", "settledAt") VALUES ('set_dana', 'grp_cabin', 'gm_cab_vatsal', 'gm_cab_dana', 54.25, 'PENDING', NULL);

COMMIT;
